{
  "project_info": {
    "project_number": "436061664762",
    "firebase_url": "https://project-4e350-default-rtdb.firebaseio.com",
    "project_id": "project-4e350",
    "storage_bucket": "project-4e350.firebasestorage.app"
  },
  "client": [
    {
      "client_info": {
        "mobilesdk_app_id": "1:436061664762:android:0786b35daff8a5370f6043",
        "android_client_info": {
          "package_name": "com.example.exe2"
        }
      },
      "oauth_client": [
        {
          "client_id": "436061664762-c45s0vpb9lg283nms2cqrtv8f8lqte6c.apps.googleusercontent.com",
          "client_type": 1,
          "android_info": {
            "package_name": "com.example.exe2",
            "certificate_hash": "f0345bf3046ee66d6b0146fd7ed8f984f53b974b"
          }
        },
        {
          "client_id": "436061664762-4ucp5dg450p67cv0qfqfe1rtberqmjim.apps.googleusercontent.com",
          "client_type": 3
        }
      ],
      "api_key": [
        {
          "current_key": "AIzaSyAtAo-PrzVAAO7ISZb67wv8yDzMNzWpoAA"
        }
      ],
      "services": {
        "appinvite_service": {
          "other_platform_oauth_client": [
            {
              "client_id": "436061664762-4ucp5dg450p67cv0qfqfe1rtberqmjim.apps.googleusercontent.com",
              "client_type": 3
            }
          ]
        }
      }
    }
  ],
  "configuration_version": "1"
}